Id,IndicatorCode,SpatialDimension,SpatialDimensionValueCode,ParentLocationCode,ParentLocation,TimeDimension,TimeDim,DisaggregatingDimension1,DisaggregatingDimension1ValueCode,DisaggregatingDimension2,DisaggregatingDimension2ValueCode,DisaggregatingDimension3,DisaggregatingDimension3ValueCode,DataSourceDimension,DataSourceDimensionValueCode,Value,NumericValue,Low,High,Comments,Date,TimeDimensionValue,TimeDimensionBegin,TimeDimensionEnd
3138754,TB_e_inc_num_014,COUNTRY,KIR,WPR,Western Pacific,YEAR,2024,,,,,,,,,410 [270-550],410,270,550,,2025-11-11T15:08:09Z,2024,2024-01-01,2024-12-31
5608450,TB_e_inc_num_014,COUNTRY,MDG,AFR,Africa,YEAR,2024,,,,,,,,,8400 [0-18 000],8400,0,18000,,2025-11-11T15:08:09Z,2024,2024-01-01,2024-12-31
7262736,TB_e_inc_num_014,COUNTRY,BTN,SEAR,South-East Asia,YEAR,2024,,,,,,,,,37 [26-47],37,26,47,,2025-11-11T15:08:09Z,2024,2024-01-01,2024-12-31
8671506,TB_e_inc_num_014,COUNTRY,HUN,EUR,Europe,YEAR,2024,,,,,,,,,11 [8-15],11,8,15,,2025-11-11T15:08:09Z,2024,2024-01-01,2024-12-31
2750345,TB_e_inc_num_014,COUNTRY,CHN,WPR,Western Pacific,YEAR,2024,,,,,,,,,8000 [5400-11 000],8000,5400,11000,,2025-11-11T15:08:09Z,2024,2024-01-01,2024-12-31
7028093,TB_e_inc_num_014,COUNTRY,BWA,AFR,Africa,YEAR,2024,,,,,,,,,470 [0-1000],470,0,1000,,2025-11-11T15:08:09Z,2024,2024-01-01,2024-12-31
2269473,TB_e_inc_num_014,COUNTRY,LSO,AFR,Africa,YEAR,2024,,,,,,,,,1200 [320-2200],1200,320,2200,,2025-11-11T15:08:09Z,2024,2024-01-01,2024-12-31
1301832,TB_e_inc_num_014,REGION,EMR,,,YEAR,2024,,,,,,,,,127 000 [72 000-183 000],127000,72000,183000,,2025-11-11T15:08:09Z,2024,2024-01-01,2024-12-31
718550,TB_e_inc_num_014,COUNTRY,BEN,AFR,Africa,YEAR,2024,,,,,,,,,530 [0-1100],530,0,1100,,2025-11-11T15:08:09Z,2024,2024-01-01,2024-12-31
9367840,TB_e_inc_num_014,COUNTRY,PER,AMR,Americas,YEAR,2024,,,,,,,,,1800 [640-3100],1800,640,3100,,2025-11-11T15:08:09Z,2024,2024-01-01,2024-12-31
3835623,TB_e_inc_num_014,COUNTRY,DOM,AMR,Americas,YEAR,2024,,,,,,,,,160 [120-200],160,120,200,,2025-11-11T15:08:09Z,2024,2024-01-01,2024-12-31
3607332,TB_e_inc_num_014,COUNTRY,PRI,AMR,Americas,YEAR,2024,,,,,,,,,0 [0-0],0,0,0,,2025-11-11T15:08:09Z,2024,2024-01-01,2024-12-31
6090467,TB_e_inc_num_014,COUNTRY,GUY,AMR,Americas,YEAR,2024,,,,,,,,,13 [10-17],13,10,17,,2025-11-11T15:08:09Z,2024,2024-01-01,2024-12-31
6483314,TB_e_inc_num_014,COUNTRY,SLV,AMR,Americas,YEAR,2024,,,,,,,,,170 [140-210],170,140,210,,2025-11-11T15:08:09Z,2024,2024-01-01,2024-12-31
1611558,TB_e_inc_num_014,COUNTRY,THA,SEAR,South-East Asia,YEAR,2024,,,,,,,,,3600 [2300-4900],3600,2300,4900,,2025-11-11T15:08:09Z,2024,2024-01-01,2024-12-31
5539042,TB_e_inc_num_014,COUNTRY,MRT,AFR,Africa,YEAR,2024,,,,,,,,,170 [0-340],170,0,340,,2025-11-11T15:08:09Z,2024,2024-01-01,2024-12-31
7110863,TB_e_inc_num_014,COUNTRY,DZA,AFR,Africa,YEAR,2024,,,,,,,,,420 [290-550],420,290,550,,2025-11-11T15:08:09Z,2024,2024-01-01,2024-12-31
5627840,TB_e_inc_num_014,COUNTRY,LVA,EUR,Europe,YEAR,2024,,,,,,,,,3 [2-4],3,2,4,,2025-11-11T15:08:09Z,2024,2024-01-01,2024-12-31
7396167,TB_e_inc_num_014,COUNTRY,TUR,EUR,Europe,YEAR,2024,,,,,,,,,500 [350-640],500,350,640,,2025-11-11T15:08:09Z,2024,2024-01-01,2024-12-31
3512863,TB_e_inc_num_014,COUNTRY,IDN,WPR,Western Pacific,YEAR,2024,,,,,,,,,179 000 [129 000-228 000],179000,129000,228000,,2025-11-11T15:08:09Z,2024,2024-01-01,2024-12-31
1352676,TB_e_inc_num_014,COUNTRY,MMR,SEAR,South-East Asia,YEAR,2024,,,,,,,,,49 000 [12 000-87 000],49000,12000,87000,,2025-11-11T15:08:09Z,2024,2024-01-01,2024-12-31
5361677,TB_e_inc_num_014,COUNTRY,CRI,AMR,Americas,YEAR,2024,,,,,,,,,22 [15-29],22,15,29,,2025-11-11T15:08:09Z,2024,2024-01-01,2024-12-31
504421,TB_e_inc_num_014,COUNTRY,MOZ,AFR,Africa,YEAR,2024,,,,,,,,,19 000 [5600-32 000],19000,5600,32000,,2025-11-11T15:08:09Z,2024,2024-01-01,2024-12-31
2858785,TB_e_inc_num_014,COUNTRY,LUX,EUR,Europe,YEAR,2024,,,,,,,,,4 [2-5],4,2,5,,2025-11-11T15:08:09Z,2024,2024-01-01,2024-12-31
10153957,TB_e_inc_num_014,COUNTRY,KWT,EMR,Eastern Mediterranean,YEAR,2024,,,,,,,,,12 [9-15],12,9,15,,2025-11-11T15:08:09Z,2024,2024-01-01,2024-12-31
6718400,TB_e_inc_num_014,COUNTRY,SUR,AMR,Americas,YEAR,2024,,,,,,,,,11 [7-15],11,7,15,,2025-11-11T15:08:09Z,2024,2024-01-01,2024-12-31
2555111,TB_e_inc_num_014,COUNTRY,ROU,EUR,Europe,YEAR,2024,,,,,,,,,540 [400-670],540,400,670,,2025-11-11T15:08:09Z,2024,2024-01-01,2024-12-31
7555053,TB_e_inc_num_014,COUNTRY,SEN,AFR,Africa,YEAR,2024,,,,,,,,,3200 [6-6500],3200,6,6500,,2025-11-11T15:08:09Z,2024,2024-01-01,2024-12-31
5691300,TB_e_inc_num_014,COUNTRY,QAT,EMR,Eastern Mediterranean,YEAR,2024,,,,,,,,,8 [6-10],8,6,10,,2025-11-11T15:08:09Z,2024,2024-01-01,2024-12-31
9919521,TB_e_inc_num_014,COUNTRY,AGO,AFR,Africa,YEAR,2024,,,,,,,,,21 000 [6800-36 000],21000,6800,36000,,2025-11-11T15:08:09Z,2024,2024-01-01,2024-12-31
10020722,TB_e_inc_num_014,COUNTRY,GNB,AFR,Africa,YEAR,2024,,,,,,,,,480 [0-1000],480,0,1000,,2025-11-11T15:08:09Z,2024,2024-01-01,2024-12-31
150834,TB_e_inc_num_014,COUNTRY,ARG,AMR,Americas,YEAR,2024,,,,,,,,,1700 [1200-2200],1700,1200,2200,,2025-11-11T15:08:09Z,2024,2024-01-01,2024-12-31
5837410,TB_e_inc_num_014,COUNTRY,KHM,WPR,Western Pacific,YEAR,2024,,,,,,,,,11 000 [5400-16 000],11000,5400,16000,,2025-11-11T15:08:09Z,2024,2024-01-01,2024-12-31
4525614,TB_e_inc_num_014,GLOBAL,GLOBAL,,,YEAR,2024,,,,,,,,,1 190 000 [1 030 000-1 350 000],1190000,1030000,1350000,,2025-11-11T15:08:09Z,2024,2024-01-01,2024-12-31
195346,TB_e_inc_num_014,COUNTRY,LTU,EUR,Europe,YEAR,2024,,,,,,,,,22 [17-27],22,17,27,,2025-11-11T15:08:09Z,2024,2024-01-01,2024-12-31
1422387,TB_e_inc_num_014,COUNTRY,SRB,EUR,Europe,YEAR,2024,,,,,,,,,28 [21-36],28,21,36,,2025-11-11T15:08:09Z,2024,2024-01-01,2024-12-31
8318172,TB_e_inc_num_014,COUNTRY,KEN,AFR,Africa,YEAR,2024,,,,,,,,,17 000 [610-34 000],17000,610,34000,,2025-11-11T15:08:09Z,2024,2024-01-01,2024-12-31
6249153,TB_e_inc_num_014,COUNTRY,PRY,AMR,Americas,YEAR,2024,,,,,,,,,230 [170-290],230,170,290,,2025-11-11T15:08:09Z,2024,2024-01-01,2024-12-31
618652,TB_e_inc_num_014,COUNTRY,COL,AMR,Americas,YEAR,2024,,,,,,,,,810 [580-1000],810,580,1000,,2025-11-11T15:08:09Z,2024,2024-01-01,2024-12-31
606155,TB_e_inc_num_014,COUNTRY,KGZ,EUR,Europe,YEAR,2024,,,,,,,,,710 [440-980],710,440,980,,2025-11-11T15:08:09Z,2024,2024-01-01,2024-12-31
3285694,TB_e_inc_num_014,COUNTRY,TTO,AMR,Americas,YEAR,2024,,,,,,,,,15 [11-19],15,11,19,,2025-11-11T15:08:09Z,2024,2024-01-01,2024-12-31
9140803,TB_e_inc_num_014,COUNTRY,MDV,SEAR,South-East Asia,YEAR,2024,,,,,,,,,6 [3-9],6,3,9,,2025-11-11T15:08:09Z,2024,2024-01-01,2024-12-31
6040624,TB_e_inc_num_014,COUNTRY,ARE,EMR,Eastern Mediterranean,YEAR,2024,,,,,,,,,4 [2-5],4,2,5,,2025-11-11T15:08:09Z,2024,2024-01-01,2024-12-31
7789604,TB_e_inc_num_014,COUNTRY,STP,AFR,Africa,YEAR,2024,,,,,,,,,14 [9-20],14,9,20,,2025-11-11T15:08:09Z,2024,2024-01-01,2024-12-31
1220604,TB_e_inc_num_014,COUNTRY,LBY,EMR,Eastern Mediterranean,YEAR,2024,,,,,,,,,330 [0-820],330,0,820,,2025-11-11T15:08:09Z,2024,2024-01-01,2024-12-31
3024485,TB_e_inc_num_014,COUNTRY,TKM,EUR,Europe,YEAR,2024,,,,,,,,,66 [45-86],66,45,86,,2025-11-11T15:08:09Z,2024,2024-01-01,2024-12-31
3343027,TB_e_inc_num_014,COUNTRY,MAC,,,YEAR,2024,,,,,,,,,2 [1-2],2,1,2,,2025-11-11T15:08:09Z,2024,2024-01-01,2024-12-31
5261735,TB_e_inc_num_014,COUNTRY,UGA,AFR,Africa,YEAR,2024,,,,,,,,,14 000 [3900-25 000],14000,3900,25000,,2025-11-11T15:08:09Z,2024,2024-01-01,2024-12-31
6839588,TB_e_inc_num_014,COUNTRY,USA,AMR,Americas,YEAR,2024,,,,,,,,,550 [390-710],550,390,710,,2025-11-11T15:08:09Z,2024,2024-01-01,2024-12-31
5312393,TB_e_inc_num_014,COUNTRY,ERI,AFR,Africa,YEAR,2024,,,,,,,,,860 [520-1200],860,520,1200,,2025-11-11T15:08:09Z,2024,2024-01-01,2024-12-31
2505375,TB_e_inc_num_014,COUNTRY,SYR,EMR,Eastern Mediterranean,YEAR,2024,,,,,,,,,420 [290-540],420,290,540,,2025-11-11T15:08:09Z,2024,2024-01-01,2024-12-31
1290723,TB_e_inc_num_014,COUNTRY,BDI,AFR,Africa,YEAR,2024,,,,,,,,,1100 [0-2100],1100,0,2100,,2025-11-11T15:08:09Z,2024,2024-01-01,2024-12-31
9477304,TB_e_inc_num_014,COUNTRY,GBR,EUR,Europe,YEAR,2024,,,,,,,,,190 [170-220],190,170,220,,2025-11-11T15:08:09Z,2024,2024-01-01,2024-12-31
3140511,TB_e_inc_num_014,COUNTRY,YEM,EMR,Eastern Mediterranean,YEAR,2024,,,,,,,,,1900 [1400-2500],1900,1400,2500,,2025-11-11T15:08:09Z,2024,2024-01-01,2024-12-31
9274352,TB_e_inc_num_014,COUNTRY,AFG,EMR,Eastern Mediterranean,YEAR,2024,,,,,,,,,17 000 [0-44 000],17000,0,44000,,2025-11-11T15:08:09Z,2024,2024-01-01,2024-12-31
7163230,TB_e_inc_num_014,COUNTRY,MYS,WPR,Western Pacific,YEAR,2024,,,,,,,,,2000 [1400-2600],2000,1400,2600,,2025-11-11T15:08:09Z,2024,2024-01-01,2024-12-31
4103714,TB_e_inc_num_014,COUNTRY,ZAF,AFR,Africa,YEAR,2024,,,,,,,,,22 000 [6700-37 000],22000,6700,37000,,2025-11-11T15:08:09Z,2024,2024-01-01,2024-12-31
9794402,TB_e_inc_num_014,COUNTRY,BFA,AFR,Africa,YEAR,2024,,,,,,,,,1300 [100-2600],1300,100,2600,,2025-11-11T15:08:09Z,2024,2024-01-01,2024-12-31
3444572,TB_e_inc_num_014,COUNTRY,JAM,AMR,Americas,YEAR,2024,,,,,,,,,7 [5-9],7,5,9,,2025-11-11T15:08:09Z,2024,2024-01-01,2024-12-31
4122673,TB_e_inc_num_014,COUNTRY,CAN,AMR,Americas,YEAR,2024,,,,,,,,,150 [100-200],150,100,200,,2025-11-11T15:08:09Z,2024,2024-01-01,2024-12-31
5585024,TB_e_inc_num_014,REGION,EUR,,,YEAR,2024,,,,,,,,,9800 [8400-11 000],9800,8400,11000,,2025-11-11T15:08:09Z,2024,2024-01-01,2024-12-31
1233986,TB_e_inc_num_014,COUNTRY,NER,AFR,Africa,YEAR,2024,,,,,,,,,1500 [96-2900],1500,96,2900,,2025-11-11T15:08:09Z,2024,2024-01-01,2024-12-31
9788266,TB_e_inc_num_014,COUNTRY,COG,AFR,Africa,YEAR,2024,,,,,,,,,2100 [0-4500],2100,0,4500,,2025-11-11T15:08:09Z,2024,2024-01-01,2024-12-31
2132639,TB_e_inc_num_014,COUNTRY,ZMB,AFR,Africa,YEAR,2024,,,,,,,,,7900 [2200-14 000],7900,2200,14000,,2025-11-11T15:08:09Z,2024,2024-01-01,2024-12-31
7961352,TB_e_inc_num_014,COUNTRY,AUT,EUR,Europe,YEAR,2024,,,,,,,,,14 [9-19],14,9,19,,2025-11-11T15:08:09Z,2024,2024-01-01,2024-12-31
5078694,TB_e_inc_num_014,COUNTRY,PRT,EUR,Europe,YEAR,2024,,,,,,,,,55 [37-72],55,37,72,,2025-11-11T15:08:09Z,2024,2024-01-01,2024-12-31
5256244,TB_e_inc_num_014,COUNTRY,FRA,EUR,Europe,YEAR,2024,,,,,,,,,250 [230-260],250,230,260,,2025-11-11T15:08:09Z,2024,2024-01-01,2024-12-31
5471514,TB_e_inc_num_014,COUNTRY,GRC,EUR,Europe,YEAR,2024,,,,,,,,,3 [2-5],3,2,5,,2025-11-11T15:08:09Z,2024,2024-01-01,2024-12-31
6124144,TB_e_inc_num_014,COUNTRY,UKR,EUR,Europe,YEAR,2024,,,,,,,,,830 [620-1000],830,620,1000,,2025-11-11T15:08:09Z,2024,2024-01-01,2024-12-31
10060624,TB_e_inc_num_014,COUNTRY,EGY,EMR,Eastern Mediterranean,YEAR,2024,,,,,,,,,670 [470-880],670,470,880,,2025-11-11T15:08:09Z,2024,2024-01-01,2024-12-31
867136,TB_e_inc_num_014,COUNTRY,NPL,SEAR,South-East Asia,YEAR,2024,,,,,,,,,5500 [1200-9700],5500,1200,9700,,2025-11-11T15:08:09Z,2024,2024-01-01,2024-12-31
1152119,TB_e_inc_num_014,COUNTRY,MDA,EUR,Europe,YEAR,2024,,,,,,,,,120 [92-150],120,92,150,,2025-11-11T15:08:09Z,2024,2024-01-01,2024-12-31
3293319,TB_e_inc_num_014,COUNTRY,SSD,AFR,Africa,YEAR,2024,,,,,,,,,4900 [0-10 000],4900,0,10000,,2025-11-11T15:08:09Z,2024,2024-01-01,2024-12-31
6048404,TB_e_inc_num_014,COUNTRY,SLE,AFR,Africa,YEAR,2024,,,,,,,,,4100 [0-9200],4100,0,9200,,2025-11-11T15:08:09Z,2024,2024-01-01,2024-12-31
9408466,TB_e_inc_num_014,COUNTRY,CPV,AFR,Africa,YEAR,2024,,,,,,,,,13 [9-16],13,9,16,,2025-11-11T15:08:09Z,2024,2024-01-01,2024-12-31
784647,TB_e_inc_num_014,COUNTRY,MWI,AFR,Africa,YEAR,2024,,,,,,,,,2500 [50-5000],2500,50,5000,,2025-11-11T15:08:09Z,2024,2024-01-01,2024-12-31
4364028,TB_e_inc_num_014,COUNTRY,ALB,EUR,Europe,YEAR,2024,,,,,,,,,19 [11-27],19,11,27,,2025-11-11T15:08:09Z,2024,2024-01-01,2024-12-31
7809996,TB_e_inc_num_014,COUNTRY,CHE,EUR,Europe,YEAR,2024,,,,,,,,,24 [15-33],24,15,33,,2025-11-11T15:08:09Z,2024,2024-01-01,2024-12-31
7879607,TB_e_inc_num_014,COUNTRY,BOL,AMR,Americas,YEAR,2024,,,,,,,,,930 [640-1200],930,640,1200,,2025-11-11T15:08:09Z,2024,2024-01-01,2024-12-31
8819191,TB_e_inc_num_014,COUNTRY,NAM,AFR,Africa,YEAR,2024,,,,,,,,,1600 [440-2700],1600,440,2700,,2025-11-11T15:08:09Z,2024,2024-01-01,2024-12-31
2886485,TB_e_inc_num_014,COUNTRY,BLZ,AMR,Americas,YEAR,2024,,,,,,,,,0 [0-0],0,0,0,,2025-11-11T15:08:09Z,2024,2024-01-01,2024-12-31
3452011,TB_e_inc_num_014,COUNTRY,PAN,AMR,Americas,YEAR,2024,,,,,,,,,240 [160-320],240,160,320,,2025-11-11T15:08:09Z,2024,2024-01-01,2024-12-31
5662071,TB_e_inc_num_014,COUNTRY,BEL,EUR,Europe,YEAR,2024,,,,,,,,,8 [5-10],8,5,10,,2025-11-11T15:08:09Z,2024,2024-01-01,2024-12-31
6645002,TB_e_inc_num_014,COUNTRY,AUS,WPR,Western Pacific,YEAR,2024,,,,,,,,,34 [25-44],34,25,44,,2025-11-11T15:08:09Z,2024,2024-01-01,2024-12-31
9275718,TB_e_inc_num_014,COUNTRY,IRQ,EMR,Eastern Mediterranean,YEAR,2024,,,,,,,,,710 [480-940],710,480,940,,2025-11-11T15:08:09Z,2024,2024-01-01,2024-12-31
3179819,TB_e_inc_num_014,COUNTRY,GHA,AFR,Africa,YEAR,2024,,,,,,,,,5800 [0-13 000],5800,0,13000,,2025-11-11T15:08:09Z,2024,2024-01-01,2024-12-31
1292281,TB_e_inc_num_014,COUNTRY,ITA,EUR,Europe,YEAR,2024,,,,,,,,,160 [110-200],160,110,200,,2025-11-11T15:08:09Z,2024,2024-01-01,2024-12-31
6200694,TB_e_inc_num_014,COUNTRY,JOR,EMR,Eastern Mediterranean,YEAR,2024,,,,,,,,,36 [25-46],36,25,46,,2025-11-11T15:08:09Z,2024,2024-01-01,2024-12-31
2494218,TB_e_inc_num_014,COUNTRY,PNG,WPR,Western Pacific,YEAR,2024,,,,,,,,,19 000 [0-48 000],19000,0,48000,,2025-11-11T15:08:09Z,2024,2024-01-01,2024-12-31
8510458,TB_e_inc_num_014,COUNTRY,GTM,AMR,Americas,YEAR,2024,,,,,,,,,560 [380-730],560,380,730,,2025-11-11T15:08:09Z,2024,2024-01-01,2024-12-31
1500503,TB_e_inc_num_014,COUNTRY,MKD,EUR,Europe,YEAR,2024,,,,,,,,,23 [15-30],23,15,30,,2025-11-11T15:08:09Z,2024,2024-01-01,2024-12-31
4534386,TB_e_inc_num_014,COUNTRY,TGO,AFR,Africa,YEAR,2024,,,,,,,,,150 [11-280],150,11,280,,2025-11-11T15:08:09Z,2024,2024-01-01,2024-12-31
8320595,TB_e_inc_num_014,COUNTRY,BRA,AMR,Americas,YEAR,2024,,,,,,,,,3400 [2400-4400],3400,2400,4400,,2025-11-11T15:08:09Z,2024,2024-01-01,2024-12-31
9371213,TB_e_inc_num_014,COUNTRY,TUN,EMR,Eastern Mediterranean,YEAR,2024,,,,,,,,,320 [210-420],320,210,420,,2025-11-11T15:08:09Z,2024,2024-01-01,2024-12-31
3013762,TB_e_inc_num_014,COUNTRY,KOR,WPR,Western Pacific,YEAR,2024,,,,,,,,,29 [27-31],29,27,31,,2025-11-11T15:08:09Z,2024,2024-01-01,2024-12-31
5700429,TB_e_inc_num_014,COUNTRY,CYP,EUR,Europe,YEAR,2024,,,,,,,,,0 [0-0],0,0,0,,2025-11-11T15:08:09Z,2024,2024-01-01,2024-12-31
6391413,TB_e_inc_num_014,COUNTRY,TZA,AFR,Africa,YEAR,2024,,,,,,,,,21 000 [0-54 000],21000,0,54000,,2025-11-11T15:08:09Z,2024,2024-01-01,2024-12-31
4022863,TB_e_inc_num_014,COUNTRY,AZE,EUR,Europe,YEAR,2024,,,,,,,,,280 [190-370],280,190,370,,2025-11-11T15:08:09Z,2024,2024-01-01,2024-12-31
639913,TB_e_inc_num_014,COUNTRY,SWE,EUR,Europe,YEAR,2024,,,,,,,,,10 [7-14],10,7,14,,2025-11-11T15:08:09Z,2024,2024-01-01,2024-12-31
772765,TB_e_inc_num_014,COUNTRY,SLB,WPR,Western Pacific,YEAR,2024,,,,,,,,,60 [40-80],60,40,80,,2025-11-11T15:08:09Z,2024,2024-01-01,2024-12-31
817320,TB_e_inc_num_014,COUNTRY,ZWE,AFR,Africa,YEAR,2024,,,,,,,,,6100 [2500-9600],6100,2500,9600,,2025-11-11T15:08:09Z,2024,2024-01-01,2024-12-31
5706858,TB_e_inc_num_014,COUNTRY,HRV,EUR,Europe,YEAR,2024,,,,,,,,,3 [2-4],3,2,4,,2025-11-11T15:08:09Z,2024,2024-01-01,2024-12-31
7481941,TB_e_inc_num_014,COUNTRY,LKA,SEAR,South-East Asia,YEAR,2024,,,,,,,,,700 [0-1400],700,0,1400,,2025-11-11T15:08:09Z,2024,2024-01-01,2024-12-31
6340611,TB_e_inc_num_014,COUNTRY,BRN,WPR,Western Pacific,YEAR,2024,,,,,,,,,5 [3-8],5,3,8,,2025-11-11T15:08:09Z,2024,2024-01-01,2024-12-31
2715783,TB_e_inc_num_014,COUNTRY,IRL,EUR,Europe,YEAR,2024,,,,,,,,,16 [11-20],16,11,20,,2025-11-11T15:08:09Z,2024,2024-01-01,2024-12-31
7848967,TB_e_inc_num_014,COUNTRY,NZL,WPR,Western Pacific,YEAR,2024,,,,,,,,,12 [8-15],12,8,15,,2025-11-11T15:08:09Z,2024,2024-01-01,2024-12-31
8510797,TB_e_inc_num_014,REGION,AFR,,,YEAR,2024,,,,,,,,,337 000 [249 000-425 000],337000,249000,425000,,2025-11-11T15:08:09Z,2024,2024-01-01,2024-12-31
2842805,TB_e_inc_num_014,COUNTRY,URY,AMR,Americas,YEAR,2024,,,,,,,,,160 [110-200],160,110,200,,2025-11-11T15:08:09Z,2024,2024-01-01,2024-12-31
33648,TB_e_inc_num_014,COUNTRY,CUB,AMR,Americas,YEAR,2024,,,,,,,,,21 [16-27],21,16,27,,2025-11-11T15:08:09Z,2024,2024-01-01,2024-12-31
3104339,TB_e_inc_num_014,COUNTRY,BGD,SEAR,South-East Asia,YEAR,2024,,,,,,,,,34 000 [19 000-50 000],34000,19000,50000,,2025-11-11T15:08:09Z,2024,2024-01-01,2024-12-31
3573066,TB_e_inc_num_014,COUNTRY,SAU,EMR,Eastern Mediterranean,YEAR,2024,,,,,,,,,85 [74-96],85,74,96,,2025-11-11T15:08:09Z,2024,2024-01-01,2024-12-31
1903,TB_e_inc_num_014,COUNTRY,COM,AFR,Africa,YEAR,2024,,,,,,,,,23 [0-53],23,0,53,,2025-11-11T15:08:09Z,2024,2024-01-01,2024-12-31
7722415,TB_e_inc_num_014,COUNTRY,NIC,AMR,Americas,YEAR,2024,,,,,,,,,110 [75-140],110,75,140,,2025-11-11T15:08:09Z,2024,2024-01-01,2024-12-31
4604828,TB_e_inc_num_014,COUNTRY,TLS,SEAR,South-East Asia,YEAR,2024,,,,,,,,,750 [0-1600],750,0,1600,,2025-11-11T15:08:09Z,2024,2024-01-01,2024-12-31
6296375,TB_e_inc_num_014,COUNTRY,PAK,EMR,Eastern Mediterranean,YEAR,2024,,,,,,,,,92 000 [42 000-143 000],92000,42000,143000,,2025-11-11T15:08:09Z,2024,2024-01-01,2024-12-31
268037,TB_e_inc_num_014,COUNTRY,CMR,AFR,Africa,YEAR,2024,,,,,,,,,4300 [0-9200],4300,0,9200,,2025-11-11T15:08:09Z,2024,2024-01-01,2024-12-31
7044600,TB_e_inc_num_014,COUNTRY,PSE,EMR,Eastern Mediterranean,YEAR,2024,,,,,,,,,3 [2-4],3,2,4,,2025-11-11T15:08:09Z,2024,2024-01-01,2024-12-31
9966978,TB_e_inc_num_014,COUNTRY,KAZ,EUR,Europe,YEAR,2024,,,,,,,,,330 [230-420],330,230,420,,2025-11-11T15:08:09Z,2024,2024-01-01,2024-12-31
1210524,TB_e_inc_num_014,REGION,WPR,,,YEAR,2024,,,,,,,,,302 000 [218 000-386 000],302000,218000,386000,,2025-11-11T15:08:09Z,2024,2024-01-01,2024-12-31
1570907,TB_e_inc_num_014,COUNTRY,CZE,EUR,Europe,YEAR,2024,,,,,,,,,20 [15-25],20,15,25,,2025-11-11T15:08:09Z,2024,2024-01-01,2024-12-31
3820583,TB_e_inc_num_014,COUNTRY,MLI,AFR,Africa,YEAR,2024,,,,,,,,,950 [6-1900],950,6,1900,,2025-11-11T15:08:09Z,2024,2024-01-01,2024-12-31
514391,TB_e_inc_num_014,COUNTRY,SGP,WPR,Western Pacific,YEAR,2024,,,,,,,,,3 [2-5],3,2,5,,2025-11-11T15:08:09Z,2024,2024-01-01,2024-12-31
989281,TB_e_inc_num_014,COUNTRY,NLD,EUR,Europe,YEAR,2024,,,,,,,,,36 [28-44],36,28,44,,2025-11-11T15:08:09Z,2024,2024-01-01,2024-12-31
6873999,TB_e_inc_num_014,COUNTRY,VNM,WPR,Western Pacific,YEAR,2024,,,,,,,,,7700 [3300-12 000],7700,3300,12000,,2025-11-11T15:08:09Z,2024,2024-01-01,2024-12-31
5194740,TB_e_inc_num_014,COUNTRY,SVK,EUR,Europe,YEAR,2024,,,,,,,,,71 [48-93],71,48,93,,2025-11-11T15:08:09Z,2024,2024-01-01,2024-12-31
7811628,TB_e_inc_num_014,REGION,SEAR,,,YEAR,2024,,,,,,,,,396 000 [313 000-479 000],396000,313000,479000,,2025-11-11T15:08:09Z,2024,2024-01-01,2024-12-31
262219,TB_e_inc_num_014,COUNTRY,RUS,EUR,Europe,YEAR,2024,,,,,,,,,1500 [530-2500],1500,530,2500,,2025-11-11T15:08:09Z,2024,2024-01-01,2024-12-31
1717009,TB_e_inc_num_014,COUNTRY,IND,SEAR,South-East Asia,YEAR,2024,,,,,,,,,289 000 [217 000-361 000],289000,217000,361000,,2025-11-11T15:08:09Z,2024,2024-01-01,2024-12-31
1274440,TB_e_inc_num_014,COUNTRY,CHL,AMR,Americas,YEAR,2024,,,,,,,,,150 [110-190],150,110,190,,2025-11-11T15:08:09Z,2024,2024-01-01,2024-12-31
938707,TB_e_inc_num_014,COUNTRY,EST,EUR,Europe,YEAR,2024,,,,,,,,,0 [0-0],0,0,0,,2025-11-11T15:08:09Z,2024,2024-01-01,2024-12-31
129312,TB_e_inc_num_014,COUNTRY,ARM,EUR,Europe,YEAR,2024,,,,,,,,,30 [22-38],30,22,38,,2025-11-11T15:08:09Z,2024,2024-01-01,2024-12-31
10075238,TB_e_inc_num_014,COUNTRY,BHR,EMR,Eastern Mediterranean,YEAR,2024,,,,,,,,,0 [0-0],0,0,0,,2025-11-11T15:08:09Z,2024,2024-01-01,2024-12-31
9036387,TB_e_inc_num_014,COUNTRY,GAB,AFR,Africa,YEAR,2024,,,,,,,,,890 [0-1900],890,0,1900,,2025-11-11T15:08:09Z,2024,2024-01-01,2024-12-31
5910880,TB_e_inc_num_014,COUNTRY,TCD,AFR,Africa,YEAR,2024,,,,,,,,,2800 [27-5500],2800,27,5500,,2025-11-11T15:08:09Z,2024,2024-01-01,2024-12-31
945285,TB_e_inc_num_014,COUNTRY,HND,AMR,Americas,YEAR,2024,,,,,,,,,110 [78-140],110,78,140,,2025-11-11T15:08:09Z,2024,2024-01-01,2024-12-31
2818362,TB_e_inc_num_014,COUNTRY,MAR,EMR,Eastern Mediterranean,YEAR,2024,,,,,,,,,2900 [2000-3800],2900,2000,3800,,2025-11-11T15:08:09Z,2024,2024-01-01,2024-12-31
4586564,TB_e_inc_num_014,COUNTRY,JPN,WPR,Western Pacific,YEAR,2024,,,,,,,,,36 [29-44],36,29,44,,2025-11-11T15:08:09Z,2024,2024-01-01,2024-12-31
3517127,TB_e_inc_num_014,COUNTRY,BIH,EUR,Europe,YEAR,2024,,,,,,,,,0 [0-0],0,0,0,,2025-11-11T15:08:09Z,2024,2024-01-01,2024-12-31
7761251,TB_e_inc_num_014,COUNTRY,UZB,EUR,Europe,YEAR,2024,,,,,,,,,2600 [1700-3400],2600,1700,3400,,2025-11-11T15:08:09Z,2024,2024-01-01,2024-12-31
3827580,TB_e_inc_num_014,COUNTRY,LAO,WPR,Western Pacific,YEAR,2024,,,,,,,,,730 [240-1200],730,240,1200,,2025-11-11T15:08:09Z,2024,2024-01-01,2024-12-31
4840323,TB_e_inc_num_014,COUNTRY,NOR,EUR,Europe,YEAR,2024,,,,,,,,,1 [0-2],1,0,2,,2025-11-11T15:08:09Z,2024,2024-01-01,2024-12-31
1622380,TB_e_inc_num_014,COUNTRY,VEN,AMR,Americas,YEAR,2024,,,,,,,,,730 [520-950],730,520,950,,2025-11-11T15:08:09Z,2024,2024-01-01,2024-12-31
5258595,TB_e_inc_num_014,COUNTRY,ECU,AMR,Americas,YEAR,2024,,,,,,,,,550 [400-700],550,400,700,,2025-11-11T15:08:09Z,2024,2024-01-01,2024-12-31
951806,TB_e_inc_num_014,COUNTRY,SDN,EMR,Eastern Mediterranean,YEAR,2024,,,,,,,,,3800 [1000-6500],3800,1000,6500,,2025-11-11T15:08:09Z,2024,2024-01-01,2024-12-31
7508367,TB_e_inc_num_014,COUNTRY,LBN,EMR,Eastern Mediterranean,YEAR,2024,,,,,,,,,61 [46-76],61,46,76,,2025-11-11T15:08:09Z,2024,2024-01-01,2024-12-31
9942632,TB_e_inc_num_014,COUNTRY,POL,EUR,Europe,YEAR,2024,,,,,,,,,54 [41-67],54,41,67,,2025-11-11T15:08:09Z,2024,2024-01-01,2024-12-31
5537232,TB_e_inc_num_014,COUNTRY,MEX,AMR,Americas,YEAR,2024,,,,,,,,,1100 [810-1500],1100,810,1500,,2025-11-11T15:08:09Z,2024,2024-01-01,2024-12-31
9004787,TB_e_inc_num_014,COUNTRY,BLR,EUR,Europe,YEAR,2024,,,,,,,,,4 [2-5],4,2,5,,2025-11-11T15:08:09Z,2024,2024-01-01,2024-12-31
10227777,TB_e_inc_num_014,COUNTRY,FSM,WPR,Western Pacific,YEAR,2024,,,,,,,,,68 [44-91],68,44,91,,2025-11-11T15:08:09Z,2024,2024-01-01,2024-12-31
9220541,TB_e_inc_num_014,COUNTRY,SOM,EMR,Eastern Mediterranean,YEAR,2024,,,,,,,,,5900 [0-16 000],5900,0,16000,,2025-11-11T15:08:09Z,2024,2024-01-01,2024-12-31
8935181,TB_e_inc_num_014,COUNTRY,MNG,WPR,Western Pacific,YEAR,2024,,,,,,,,,1200 [230-2100],1200,230,2100,,2025-11-11T15:08:09Z,2024,2024-01-01,2024-12-31
4738972,TB_e_inc_num_014,COUNTRY,CIV,AFR,Africa,YEAR,2024,,,,,,,,,3000 [0-6100],3000,0,6100,,2025-11-11T15:08:09Z,2024,2024-01-01,2024-12-31
1641694,TB_e_inc_num_014,COUNTRY,TJK,EUR,Europe,YEAR,2024,,,,,,,,,610 [380-840],610,380,840,,2025-11-11T15:08:09Z,2024,2024-01-01,2024-12-31
8802367,TB_e_inc_num_014,COUNTRY,ETH,AFR,Africa,YEAR,2024,,,,,,,,,24 000 [2800-45 000],24000,2800,45000,,2025-11-11T15:08:09Z,2024,2024-01-01,2024-12-31
4523443,TB_e_inc_num_014,COUNTRY,GMB,AFR,Africa,YEAR,2024,,,,,,,,,300 [160-430],300,160,430,,2025-11-11T15:08:09Z,2024,2024-01-01,2024-12-31
7774336,TB_e_inc_num_014,COUNTRY,HKG,,,YEAR,2024,,,,,,,,,17 [13-21],17,13,21,,2025-11-11T15:08:09Z,2024,2024-01-01,2024-12-31
1167495,TB_e_inc_num_014,COUNTRY,MUS,AFR,Africa,YEAR,2024,,,,,,,,,2 [1-2],2,1,2,,2025-11-11T15:08:09Z,2024,2024-01-01,2024-12-31
6050963,TB_e_inc_num_014,COUNTRY,SWZ,AFR,Africa,YEAR,2024,,,,,,,,,440 [79-800],440,79,800,,2025-11-11T15:08:09Z,2024,2024-01-01,2024-12-31
9759756,TB_e_inc_num_014,COUNTRY,MNE,EUR,Europe,YEAR,2024,,,,,,,,,5 [3-7],5,3,7,,2025-11-11T15:08:09Z,2024,2024-01-01,2024-12-31
10012566,TB_e_inc_num_014,REGION,AMR,,,YEAR,2024,,,,,,,,,16 000 [14 000-18 000],16000,14000,18000,,2025-11-11T15:08:09Z,2024,2024-01-01,2024-12-31
421107,TB_e_inc_num_014,COUNTRY,FIN,EUR,Europe,YEAR,2024,,,,,,,,,8 [5-11],8,5,11,,2025-11-11T15:08:09Z,2024,2024-01-01,2024-12-31
7875874,TB_e_inc_num_014,COUNTRY,FJI,WPR,Western Pacific,YEAR,2024,,,,,,,,,110 [77-150],110,77,150,,2025-11-11T15:08:09Z,2024,2024-01-01,2024-12-31
3359532,TB_e_inc_num_014,COUNTRY,HTI,AMR,Americas,YEAR,2024,,,,,,,,,2200 [1500-2800],2200,1500,2800,,2025-11-11T15:08:09Z,2024,2024-01-01,2024-12-31
7932747,TB_e_inc_num_014,COUNTRY,GIN,AFR,Africa,YEAR,2024,,,,,,,,,2200 [39-4400],2200,39,4400,,2025-11-11T15:08:09Z,2024,2024-01-01,2024-12-31
9081493,TB_e_inc_num_014,COUNTRY,BHS,AMR,Americas,YEAR,2024,,,,,,,,,7 [4-9],7,4,9,,2025-11-11T15:08:09Z,2024,2024-01-01,2024-12-31
7407696,TB_e_inc_num_014,COUNTRY,DEU,EUR,Europe,YEAR,2024,,,,,,,,,260 [220-300],260,220,300,,2025-11-11T15:08:09Z,2024,2024-01-01,2024-12-31
6647396,TB_e_inc_num_014,COUNTRY,SVN,EUR,Europe,YEAR,2024,,,,,,,,,1 [1-2],1,1,2,,2025-11-11T15:08:09Z,2024,2024-01-01,2024-12-31
6596717,TB_e_inc_num_014,COUNTRY,DJI,EMR,Eastern Mediterranean,YEAR,2024,,,,,,,,,310 [210-410],310,210,410,,2025-11-11T15:08:09Z,2024,2024-01-01,2024-12-31
9512720,TB_e_inc_num_014,COUNTRY,VUT,WPR,Western Pacific,YEAR,2024,,,,,,,,,15 [0-41],15,0,41,,2025-11-11T15:08:09Z,2024,2024-01-01,2024-12-31
3834727,TB_e_inc_num_014,COUNTRY,OMN,EMR,Eastern Mediterranean,YEAR,2024,,,,,,,,,3 [2-4],3,2,4,,2025-11-11T15:08:09Z,2024,2024-01-01,2024-12-31
1231186,TB_e_inc_num_014,COUNTRY,CAF,AFR,Africa,YEAR,2024,,,,,,,,,3300 [0-6900],3300,0,6900,,2025-11-11T15:08:09Z,2024,2024-01-01,2024-12-31
351999,TB_e_inc_num_014,COUNTRY,GEO,EUR,Europe,YEAR,2024,,,,,,,,,120 [87-160],120,87,160,,2025-11-11T15:08:09Z,2024,2024-01-01,2024-12-31
1212185,TB_e_inc_num_014,COUNTRY,ESP,EUR,Europe,YEAR,2024,,,,,,,,,240 [170-310],240,170,310,,2025-11-11T15:08:09Z,2024,2024-01-01,2024-12-31
8841118,TB_e_inc_num_014,COUNTRY,MHL,WPR,Western Pacific,YEAR,2024,,,,,,,,,28 [16-41],28,16,41,,2025-11-11T15:08:09Z,2024,2024-01-01,2024-12-31
9500481,TB_e_inc_num_014,COUNTRY,COD,AFR,Africa,YEAR,2024,,,,,,,,,59 000 [0-124 000],59000,0,124000,,2025-11-11T15:08:09Z,2024,2024-01-01,2024-12-31
4511619,TB_e_inc_num_014,COUNTRY,GNQ,AFR,Africa,YEAR,2024,,,,,,,,,1100 [0-2700],1100,0,2700,,2025-11-11T15:08:09Z,2024,2024-01-01,2024-12-31
1636304,TB_e_inc_num_014,COUNTRY,NGA,AFR,Africa,YEAR,2024,,,,,,,,,61 000 [25 000-98 000],61000,25000,98000,,2025-11-11T15:08:09Z,2024,2024-01-01,2024-12-31
1534874,TB_e_inc_num_014,COUNTRY,IRN,EMR,Eastern Mediterranean,YEAR,2024,,,,,,,,,300 [220-380],300,220,380,,2025-11-11T15:08:09Z,2024,2024-01-01,2024-12-31
2332712,TB_e_inc_num_014,COUNTRY,PHL,WPR,Western Pacific,YEAR,2024,,,,,,,,,73 000 [11 000-136 000],73000,11000,136000,,2025-11-11T15:08:09Z,2024,2024-01-01,2024-12-31
4759212,TB_e_inc_num_014,COUNTRY,LBR,AFR,Africa,YEAR,2024,,,,,,,,,1700 [0-3900],1700,0,3900,,2025-11-11T15:08:09Z,2024,2024-01-01,2024-12-31
270453,TB_e_inc_num_014,COUNTRY,BGR,EUR,Europe,YEAR,2024,,,,,,,,,19 [14-25],19,14,25,,2025-11-11T15:08:09Z,2024,2024-01-01,2024-12-31
6419561,TB_e_inc_num_014,COUNTRY,RWA,AFR,Africa,YEAR,2024,,,,,,,,,2400 [990-3800],2400,990,3800,,2025-11-11T15:08:09Z,2024,2024-01-01,2024-12-31
8152899,TB_e_inc_num_014,COUNTRY,DNK,EUR,Europe,YEAR,2024,,,,,,,,,11 [7-15],11,7,15,,2025-11-11T15:08:09Z,2024,2024-01-01,2024-12-31
1585784,TB_e_inc_num_014,COUNTRY,ISR,EUR,Europe,YEAR,2024,,,,,,,,,11 [7-14],11,7,14,,2025-11-11T15:08:09Z,2024,2024-01-01,2024-12-31
