Dimension,Code,Title,ParentDimension,ParentCode,ParentTitle
GHO,MDG_0000000017,Deaths due to tuberculosis among HIV-negative people (per 100 000 population),,,
GHO,MDG_0000000020,Incidence of tuberculosis (per 100 000 population per year),,,
GHO,TB_1,Tuberculosis treatment coverage,,,
GHO,TB_c_newinc,Tuberculosis - new and relapse cases,,,
GHO,TB_e_inc_num,Number of incident tuberculosis cases,,,
GHO,TB_e_inc_num_014,Number of incident tuberculosis cases in children aged 0 - 14,,,
GHO,TB_e_inc_rr_num,Estimated number of MDR/RR-TB incident cases,,,
GHO,TB_e_inc_tbhiv_100k,Incidence of tuberculosis (per 100 000 population) (HIV-positive cases),,,
GHO,TB_e_inc_tbhiv_num,"Number of incident tuberculosis cases,  (HIV-positive cases)",,,
GHO,TB_e_mort_exc_tbhiv_num,"Number of deaths due to tuberculosis, excluding HIV",,,
